{
    "QA": {
        "XQA": {
            "datasets": {
                "afriqa": {
                    "AfroLLaMa 8B": 21.807499999999997,
                    "LLaMAX3 8B": 2.15,
                    "LLaMa2 7b": 13.7025,
                    "LLaMa3.1 8B": 21.7525,
                    "LLaMa3 8B": 12.63625,
                    "Aya-101 13B": 62.528749999999995,
                    "Gemma1.1 7b": 17.37375,
                    "Gemma2 27b": 50.51375,
                    "Gemma2 9b": 45.943749999999994,
                    "LLaMa3.1 70B": 43.995000000000005,
                    "Gemini 1.5 pro": 40.4525,
                    "GPT-4o (Aug)": 43.431250000000006
                }
            }
        },
        "RC": {
            "datasets": {
                "naijarc": {
                    "AfroLLaMa 8B": 26.22666666666667,
                    "LLaMAX3 8B": 31.930000000000003,
                    "LLaMa2 7b": 27.92,
                    "LLaMa3.1 8B": 48.14666666666667,
                    "LLaMa3.1 70B": 52.96333333333333,
                    "LLaMa3 8B": 31.986666666666668,
                    "Aya-101 13B": 63.79000000000001,
                    "Gemma1.1 7b": 41.32,
                    "Gemma2 27b": 56.27,
                    "Gemma2 9b": 55.546666666666674,
                    "Gemini 1.5 pro": 52.910000000000004,
                    "GPT-4o (Aug)": 73.59666666666668
                },
                "belebele": {
                    "AfroLLaMa 8B": 24.0203448275862,
                    "LLaMAX3 8B": 29.51275862068966,
                    "LLaMa2 7b": 23.926896551724138,
                    "LLaMa3.1 8B": 38.58620689655172,
                    "LLaMa3.1 70B": 49.39344827586206,
                    "LLaMa3 8B": 27.172758620689653,
                    "Aya-101 13B": 60.61413793103449,
                    "Gemma1.1 7b": 37.72758620689656,
                    "Gemma2 27b": 53.628275862068975,
                    "Gemma2 9b": 51.39034482758622,
                    "Gemini 1.5 pro": 53.01206896551725,
                    "GPT-4o (Aug)": 69.13034482758621
                }
            }
        }
    },
    "NLU": {
        "Senti": {
            "datasets": {
                "afrisenti": {
                    "AfroLLaMa 8B": 36.76,
                    "LLaMAX3 8B": 49.805,
                    "LLaMa2 7b": 38.86785714285714,
                    "LLaMa3.1 70B": 46.94642857142859,
                    "LLaMa3.1 8B": 50.672142857142866,
                    "LLaMa3 8B": 41.76142857142857,
                    "Aya-101 13B": 57.13357142857143,
                    "Gemma1.1 7b": 39.69499999999999,
                    "Gemma2 27b": 58.575,
                    "Gemma2 9b": 55.48571428571428,
                    "Gemini 1.5 pro": 62.57928571428572,
                    "GPT-4o (Aug)": 62.62285714285715
                },
                "nollysenti": {
                    "AfroLLaMa 8B": 75.15,
                    "LLaMAX3 8B": 59.2,
                    "LLaMa2 7b": 54.85,
                    "LLaMa3.1 8B": 64.95,
                    "LLaMa3.1 70B": 72.25,
                    "LLaMa3 8B": 54.0,
                    "Aya-101 13B": 88.25,
                    "Gemma1.1 7b": 60.25000000000001,
                    "Gemma2 27b": 85.95,
                    "Gemma2 9b": 78.69999999999999,
                    "Gemini 1.5 pro": 88.35,
                    "GPT-4o (Aug)": 92.14999999999999
                }
            }
        },
        "Topic": {
            "datasets": {
                "masakhanews": {
                    "AfroLLaMa 8B": 50.45357142857142,
                    "LLaMAX3 8B": 45.47428571428571,
                    "LLaMa2 7b": 35.84214285714286,
                    "LLaMa3.1 70B": 79.26857142857143,
                    "LLaMa3.1 8B": 63.57285714285714,
                    "LLaMa3 8B": 59.95857142857143,
                    "Aya-101 13B": 85.65357142857144,
                    "Gemma1.1 7b": 69.34142857142857,
                    "Gemma2 9b": 82.01285714285714,
                    "Gemma2 27b": 79.35071428571429,
                    "Gemini 1.5 pro": 85.08357142857143,
                    "GPT-4o (Aug)": 85.46428571428571
                },
                "sib": {
                    "AfroLLaMa 8B": 25.553018867924536,
                    "LLaMAX3 8B": 50.924905660377355,
                    "LLaMa2 7b": 19.763396226415097,
                    "LLaMa3.1 70B": 51.998490566037745,
                    "LLaMa3.1 8B": 44.60792452830187,
                    "LLaMa3 8B": 37.231132075471685,
                    "Aya-101 13B": 66.97698113207545,
                    "Gemma1.1 7b": 42.73452830188679,
                    "Gemma2 27b": 57.251132075471716,
                    "Gemma2 9b": 56.018867924528294,
                    "Gemini 1.5 pro": 74.48943396226416,
                    "GPT-4o (Aug)": 72.54754716981132
                }
            }
        },
        "NER": {
            "datasets": {
                "masakhaner": {
                    "AfroLLaMa 8B": 3.5,
                    "LLaMAX3 8B": 0.0,
                    "LLaMa2 7b": 15.553000000000003,
                    "LLaMa3.1 70B": 14.4335,
                    "LLaMa3.1 8B": 11.509,
                    "LLaMa3 8B": 22.7015,
                    "Aya-101 13B": 0.0,
                    "Gemma1.1 7b": 27.877499999999998,
                    "Gemma2 27b": 50.83300000000001,
                    "Gemma2 9b": 40.26099999999999,
                    "Gemini 1.5 pro": 41.78000000000001,
                    "GPT-4o (Aug)": 40.72500000000001
                }
            }
        },
        "NLI": {
            "datasets": {
                "afrixnli": {
                    "Aya-101 13B": 51.5,
                    "Gemma1.1 7b": 34.4375,
                    "LLaMa2 7b": 33.8,
                    "LLaMa3 8B": 35.441875,
                    "LLaMa3.1 8B": 36.5375,
                    "LLaMAX3 8B": 40.7625,
                    "Gemma2 9b": 40.33125,
                    "Gemma2 27b": 42.775000000000006,
                    "LLaMa3.1 70B": 37.99375,
                    "AfroLLaMa 8B": 35.87500000000001,
                    "Gemini 1.5 pro": 61.98749999999999,
                    "GPT-4o (Aug)": 64.3125
                }
            }
        },
        "Intent": {
            "datasets": {
                "injongointent": {
                    "AfroLLaMa 8B": 0.835,
                    "LLaMAX3 8B": 5.6137500000000005,
                    "LLaMa2 7b": 1.4575,
                    "LLaMa3.1 70B": 34.019375,
                    "LLaMa3.1 8B": 6.04875,
                    "LLaMa3 8B": 2.1056250000000003,
                    "Gemma1.1 7b": 9.445468750000002,
                    "Gemma2 27b": 32.981249999999996,
                    "Gemma2 9b": 29.218749999999996,
                    "Aya-101 13B": 42.4375,
                    "Gemini 1.5 pro": 74.32937500000001,
                    "GPT-4o (Aug)": 74.00625000000002
                }
            }
        },
        "Hate": {
            "datasets": {
                "afrihate": {
                    "Gemma1.1 7b": 24.166666666666668,
                    "LLaMa2 7b": 21.393333333333334,
                    "LLaMa3 8B": 27.839999999999993,
                    "LLaMAX3 8B": 29.20666666666666,
                    "LLaMa3.1 8B": 23.599999999999998,
                    "AfroLLaMa 8B": 18.133333333333333,
                    "Gemma2 9b": 30.073333333333334,
                    "Aya-101 13B": 31.586666666666666,
                    "Gemma2 27b": 45.726666666666674,
                    "LLaMa3.1 70B": 49.266666666666666,
                    "Gemini 1.5 pro": 61.72666666666667,
                    "GPT-4o (Aug)": 63.06000000000001
                }
            }
        },
        "POS": {
            "datasets": {
                "masakhapos": {
                    "AfroLLaMa 8B": 0.0,
                    "LLaMAX3 8B": 41.5495,
                    "LLaMa2 7b": 27.917,